service_id,name,category,verification_level,last_verified,cadence_days,days_since_verification,status,search_visibility,priority_lane,recommendation,reviewer,evidence_url,notes
coast-mental-health,COAST (Crisis Outreach),Crisis,L2,2026-01-02,30,191,stale,hidden_pending_reverification,1 - crisis stale,Reverify before restoring current-date search visibility; update service facts and provenance only after evidence is recorded (191 days old).,,,
amhs-kfla-crisis-line,AMHS-KFLA 24/7 Crisis Line,Crisis,L2,2026-01-03,30,190,stale,hidden_pending_reverification,1 - crisis stale,Reverify before restoring current-date search visibility; update service facts and provenance only after evidence is recorded (190 days old).,,,
assaulted-womens-helpline,Assaulted Women's Helpline (AWHL),Crisis,L1,2026-01-03,30,190,stale,hidden_pending_reverification,1 - crisis stale,Reverify before restoring current-date search visibility; update service facts and provenance only after evidence is recorded (190 days old).,,,
crisis-988,9-8-8 Suicide Crisis Helpline,Crisis,L1,2026-01-03,30,190,stale,hidden_pending_reverification,1 - crisis stale,Reverify before restoring current-date search visibility; update service facts and provenance only after evidence is recorded (190 days old).,,,
crisis-assaulted-womens-helpline,Assaulted Women's Helpline (AWHL),Crisis,L1,2026-01-03,30,190,stale,hidden_pending_reverification,1 - crisis stale,Reverify before restoring current-date search visibility; update service facts and provenance only after evidence is recorded (190 days old).,,,
crisis-connex-ontario,ConnexOntario,Crisis,L1,2026-01-03,30,190,stale,hidden_pending_reverification,1 - crisis stale,Reverify before restoring current-date search visibility; update service facts and provenance only after evidence is recorded (190 days old).,,,
crisis-good2talk,Good2Talk,Crisis,L1,2026-01-03,30,190,stale,hidden_pending_reverification,1 - crisis stale,Reverify before restoring current-date search visibility; update service facts and provenance only after evidence is recorded (190 days old).,,,
crisis-hope-for-wellness,Hope for Wellness Helpline,Crisis,L1,2026-01-03,30,190,stale,hidden_pending_reverification,1 - crisis stale,Reverify before restoring current-date search visibility; update service facts and provenance only after evidence is recorded (190 days old).,,,
crisis-kids-help-phone,Kids Help Phone,Crisis,L1,2026-01-03,30,190,stale,hidden_pending_reverification,1 - crisis stale,Reverify before restoring current-date search visibility; update service facts and provenance only after evidence is recorded (190 days old).,,,
crisis-ontario-gambling,Ontario Problem Gambling Helpline,Crisis,L1,2026-01-03,30,190,stale,hidden_pending_reverification,1 - crisis stale,Reverify before restoring current-date search visibility; update service facts and provenance only after evidence is recorded (190 days old).,,,
crisis-poison-control,Ontario Poison Centre,Crisis,L1,2026-01-03,30,190,stale,hidden_pending_reverification,1 - crisis stale,Reverify before restoring current-date search visibility; update service facts and provenance only after evidence is recorded (190 days old).,,,
crisis-talk-suicide-canada,Talk Suicide Canada,Crisis,L1,2026-01-03,30,190,stale,hidden_pending_reverification,1 - crisis stale,Reverify before restoring current-date search visibility; update service facts and provenance only after evidence is recorded (190 days old).,,,
crisis-talk4healing,Talk4Healing,Crisis,L1,2026-01-03,30,190,stale,hidden_pending_reverification,1 - crisis stale,Reverify before restoring current-date search visibility; update service facts and provenance only after evidence is recorded (190 days old).,,,
crisis-text-line,Crisis Text Line,Crisis,L1,2026-01-03,30,190,stale,hidden_pending_reverification,1 - crisis stale,Reverify before restoring current-date search visibility; update service facts and provenance only after evidence is recorded (190 days old).,,,
crisis-trans-lifeline,Trans Lifeline,Crisis,L1,2026-01-03,30,190,stale,hidden_pending_reverification,1 - crisis stale,Reverify before restoring current-date search visibility; update service facts and provenance only after evidence is recorded (190 days old).,,,
dawn-house-shelter,Dawn House Services and Housing for Women,Crisis,L1,2026-01-03,30,190,stale,hidden_pending_reverification,1 - crisis stale,Reverify before restoring current-date search visibility; update service facts and provenance only after evidence is recorded (190 days old).,,,
hope-for-wellness-helpline,Hope for Wellness Helpline,Crisis,L1,2026-01-03,30,190,stale,hidden_pending_reverification,1 - crisis stale,Reverify before restoring current-date search visibility; update service facts and provenance only after evidence is recorded (190 days old).,,,
kids-help-phone,Kids Help Phone,Crisis,L1,2026-01-03,30,190,stale,hidden_pending_reverification,1 - crisis stale,Reverify before restoring current-date search visibility; update service facts and provenance only after evidence is recorded (190 days old).,,,
kingston-detox-centre,Kingston Detoxification Centre (KHSC),Crisis,L2,2026-01-03,30,190,stale,hidden_pending_reverification,1 - crisis stale,Reverify before restoring current-date search visibility; update service facts and provenance only after evidence is recorded (190 days old).,,,
kingston-interval-house,Kingston Interval House,Crisis,L1,2026-01-03,30,190,stale,hidden_pending_reverification,1 - crisis stale,Reverify before restoring current-date search visibility; update service facts and provenance only after evidence is recorded (190 days old).,,,
sack-sexual-assault-centre,Sexual Assault Centre Kingston (SACK),Crisis,L2,2026-01-03,30,190,stale,hidden_pending_reverification,1 - crisis stale,Reverify before restoring current-date search visibility; update service facts and provenance only after evidence is recorded (190 days old).,,,
sexual-assault-centre-kingston,Sexual Assault Centre Kingston (SACK),Crisis,L2,2026-01-03,30,190,stale,hidden_pending_reverification,1 - crisis stale,Reverify before restoring current-date search visibility; update service facts and provenance only after evidence is recorded (190 days old).,,,
telephone-aid-line-kingston-talk,Telephone Aid Line Kingston (TALK),Crisis,L1,2026-01-03,30,190,stale,hidden_pending_reverification,1 - crisis stale,Reverify before restoring current-date search visibility; update service facts and provenance only after evidence is recorded (190 days old).,,,
trans-lifeline-canada,Trans Lifeline,Crisis,L1,2026-01-03,30,190,stale,hidden_pending_reverification,1 - crisis stale,Reverify before restoring current-date search visibility; update service facts and provenance only after evidence is recorded (190 days old).,,,
victim-services-kingston,Victim Services of Kingston and Frontenac,Crisis,L1,2026-01-03,30,190,stale,hidden_pending_reverification,1 - crisis stale,Reverify before restoring current-date search visibility; update service facts and provenance only after evidence is recorded (190 days old).,,,
ontario-211-ontario,211 Ontario,Crisis,L1,2026-01-08,30,185,stale,hidden_pending_reverification,1 - crisis stale,Reverify before restoring current-date search visibility; update service facts and provenance only after evidence is recorded (185 days old).,,,
ontario-black-youth-helpline,Black Youth Helpline,Crisis,L1,2026-01-08,30,185,stale,hidden_pending_reverification,1 - crisis stale,Reverify before restoring current-date search visibility; update service facts and provenance only after evidence is recorded (185 days old).,,,
ontario-boots-on-the-ground,Boots on the Ground,Crisis,L1,2026-01-08,30,185,stale,hidden_pending_reverification,1 - crisis stale,Reverify before restoring current-date search visibility; update service facts and provenance only after evidence is recorded (185 days old).,,,
ontario-farmer-wellness,Farmer Wellness Initiative,Crisis,L1,2026-01-08,30,185,stale,hidden_pending_reverification,1 - crisis stale,Reverify before restoring current-date search visibility; update service facts and provenance only after evidence is recorded (185 days old).,,,
ontario-femaide,Fem'aide,Crisis,L1,2026-01-08,30,185,stale,hidden_pending_reverification,1 - crisis stale,Reverify before restoring current-date search visibility; update service facts and provenance only after evidence is recorded (185 days old).,,,
ontario-irs-crisis-line,Indian Residential Schools Crisis Line,Crisis,L1,2026-01-08,30,185,stale,hidden_pending_reverification,1 - crisis stale,Reverify before restoring current-date search visibility; update service facts and provenance only after evidence is recorded (185 days old).,,,
ontario-lgbt-youthline,LGBT YouthLine,Crisis,L1,2026-01-08,30,185,stale,hidden_pending_reverification,1 - crisis stale,Reverify before restoring current-date search visibility; update service facts and provenance only after evidence is recorded (185 days old).,,,
ontario-male-survivors,Support Services for Male Survivors of Sexual Abuse,Crisis,L1,2026-01-08,30,185,stale,hidden_pending_reverification,1 - crisis stale,Reverify before restoring current-date search visibility; update service facts and provenance only after evidence is recorded (185 days old).,,,
ontario-metis-crisis-line,Métis Nation of Ontario Crisis Line,Crisis,L1,2026-01-08,30,185,stale,hidden_pending_reverification,1 - crisis stale,Reverify before restoring current-date search visibility; update service facts and provenance only after evidence is recorded (185 days old).,,,
ontario-mmiwg-crisis-line,MMIWG Crisis Line,Crisis,L1,2026-01-08,30,185,stale,hidden_pending_reverification,1 - crisis stale,Reverify before restoring current-date search visibility; update service facts and provenance only after evidence is recorded (185 days old).,,,
ontario-naseeha,Naseeha Mental Health,Crisis,L1,2026-01-08,30,185,stale,hidden_pending_reverification,1 - crisis stale,Reverify before restoring current-date search visibility; update service facts and provenance only after evidence is recorded (185 days old).,,,
ontario-nors,National Overdose Response Service (NORS),Crisis,L1,2026-01-08,30,185,stale,hidden_pending_reverification,1 - crisis stale,Reverify before restoring current-date search visibility; update service facts and provenance only after evidence is recorded (185 days old).,,,
ontario-ontx-distress,ONTX - Ontario Online & Text Crisis Services,Crisis,L1,2026-01-08,30,185,stale,hidden_pending_reverification,1 - crisis stale,Reverify before restoring current-date search visibility; update service facts and provenance only after evidence is recorded (185 days old).,,,
ontario-sadv-navigation,Sexual Assault/Domestic Violence Navigation Line,Crisis,L1,2026-01-08,30,185,stale,hidden_pending_reverification,1 - crisis stale,Reverify before restoring current-date search visibility; update service facts and provenance only after evidence is recorded (185 days old).,,,
ontario-seniors-safety-line,Seniors Safety Line,Crisis,L1,2026-01-08,30,185,stale,hidden_pending_reverification,1 - crisis stale,Reverify before restoring current-date search visibility; update service facts and provenance only after evidence is recorded (185 days old).,,,
ontario-vac-assistance,VAC Assistance Service,Crisis,L1,2026-01-08,30,185,stale,hidden_pending_reverification,1 - crisis stale,Reverify before restoring current-date search visibility; update service facts and provenance only after evidence is recorded (185 days old).,,,
ontario-victim-support-line,Victim Support Line (VSL),Crisis,L1,2026-01-08,30,185,stale,hidden_pending_reverification,1 - crisis stale,Reverify before restoring current-date search visibility; update service facts and provenance only after evidence is recorded (185 days old).,,,
kfla-children-services,KFL&A Children's Services,Community,L2,2026-01-02,90,191,stale,hidden_pending_reverification,3 - stale,Reverify before restoring current-date search visibility; update service facts and provenance only after evidence is recorded (191 days old).,,,
kfpl-rideau-heights,KFPL - Rideau Heights Branch,Community,L2,2026-01-02,90,191,stale,hidden_pending_reverification,3 - stale,Reverify before restoring current-date search visibility; update service facts and provenance only after evidence is recorded (191 days old).,,,
kingston-humane-society,Kingston Humane Society,Community,L2,2026-01-02,90,191,stale,hidden_pending_reverification,3 - stale,Reverify before restoring current-date search visibility; update service facts and provenance only after evidence is recorded (191 days old).,,,
kingston-police-non-emerg,Kingston Police (Non-Emergency),Community,L2,2026-01-02,90,191,stale,hidden_pending_reverification,3 - stale,Reverify before restoring current-date search visibility; update service facts and provenance only after evidence is recorded (191 days old).,,,
opp-frontenac,OPP Frontenac Detachment,Community,L2,2026-01-02,90,191,stale,hidden_pending_reverification,3 - stale,Reverify before restoring current-date search visibility; update service facts and provenance only after evidence is recorded (191 days old).,,,
red-cross-kingston,Canadian Red Cross - Kingston,Community,L2,2026-01-02,90,191,stale,hidden_pending_reverification,3 - stale,Reverify before restoring current-date search visibility; update service facts and provenance only after evidence is recorded (191 days old).,,,
service-ontario-kingston,ServiceOntario,Community,L2,2026-01-02,90,191,stale,hidden_pending_reverification,3 - stale,Reverify before restoring current-date search visibility; update service facts and provenance only after evidence is recorded (191 days old).,,,
geneva-centre-autism,Geneva Centre for Autism (Virtual),Education,L2,2026-01-02,90,191,stale,hidden_pending_reverification,3 - stale,Reverify before restoring current-date search visibility; update service facts and provenance only after evidence is recorded (191 days old).,,,
odsp-kingston,ODSP Kingston Office,Financial,L2,2026-01-02,90,191,stale,hidden_pending_reverification,3 - stale,Reverify before restoring current-date search visibility; update service facts and provenance only after evidence is recorded (191 days old).,,,
service-canada-kingston,Service Canada Centre,Financial,L2,2026-01-02,90,191,stale,hidden_pending_reverification,3 - stale,Reverify before restoring current-date search visibility; update service facts and provenance only after evidence is recorded (191 days old).,,,
alzheimer-society-kfla,Alzheimer Society KFL&A,Health,L2,2026-01-02,90,191,stale,hidden_pending_reverification,3 - stale,Reverify before restoring current-date search visibility; update service facts and provenance only after evidence is recorded (191 days old).,,,
autism-ontario-east,Autism Ontario (East Region),Health,L2,2026-01-02,90,191,stale,hidden_pending_reverification,3 - stale,Reverify before restoring current-date search visibility; update service facts and provenance only after evidence is recorded (191 days old).,,,
cnib-kingston,CNIB Foundation Kingston,Health,L2,2026-01-02,90,191,stale,hidden_pending_reverification,3 - stale,Reverify before restoring current-date search visibility; update service facts and provenance only after evidence is recorded (191 days old).,,,
kingston-pregnancy-care,Kingston Pregnancy Care Centre,Health,L2,2026-01-02,90,191,stale,hidden_pending_reverification,3 - stale,Reverify before restoring current-date search visibility; update service facts and provenance only after evidence is recorded (191 days old).,,,
st-john-ambulance-kingston,St. John Ambulance,Health,L2,2026-01-02,90,191,stale,hidden_pending_reverification,3 - stale,Reverify before restoring current-date search visibility; update service facts and provenance only after evidence is recorded (191 days old).,,,
habitat-for-humanity-kingston,Habitat for Humanity Kingston,Housing,L2,2026-01-02,90,191,stale,hidden_pending_reverification,3 - stale,Reverify before restoring current-date search visibility; update service facts and provenance only after evidence is recorded (191 days old).,,,
kingston-east-community-centre,Kingston East Community Centre,Wellness,L2,2026-01-02,90,191,stale,hidden_pending_reverification,3 - stale,Reverify before restoring current-date search visibility; update service facts and provenance only after evidence is recorded (191 days old).,,,
bgc-south-east,BGC South East,Community,L1,2026-01-03,90,190,stale,hidden_pending_reverification,3 - stale,Reverify before restoring current-date search visibility; update service facts and provenance only after evidence is recorded (190 days old).,,,
boys-girls-club-kingston,BGC South East (Boys & Girls Club),Community,L2,2026-01-03,90,190,stale,hidden_pending_reverification,3 - stale,Reverify before restoring current-date search visibility; update service facts and provenance only after evidence is recorded (190 days old).,,,
community-foundation-kingston,Community Foundation for Kingston & Area,Community,L2,2026-01-03,90,190,stale,hidden_pending_reverification,3 - stale,Reverify before restoring current-date search visibility; update service facts and provenance only after evidence is recorded (190 days old).,,,
community-living-kingston,Community Living Kingston and District,Community,L1,2026-01-03,90,190,stale,hidden_pending_reverification,3 - stale,Reverify before restoring current-date search visibility; update service facts and provenance only after evidence is recorded (190 days old).,,,
crisis-211-ontario,211 Ontario,Community,L1,2026-01-03,90,190,stale,hidden_pending_reverification,3 - stale,Reverify before restoring current-date search visibility; update service facts and provenance only after evidence is recorded (190 days old).,,,
crisis-pflag-canada,PFLAG Canada,Community,L1,2026-01-03,90,190,stale,hidden_pending_reverification,3 - stale,Reverify before restoring current-date search visibility; update service facts and provenance only after evidence is recorded (190 days old).,,,
earlyon-cosy,EarlyON Child and Family Centre,Community,L2,2026-01-03,90,190,stale,hidden_pending_reverification,3 - stale,Reverify before restoring current-date search visibility; update service facts and provenance only after evidence is recorded (190 days old).,,,
earlyon-kchc,EarlyON Child and Family Centre (KCHC),Community,L1,2026-01-03,90,190,stale,hidden_pending_reverification,3 - stale,Reverify before restoring current-date search visibility; update service facts and provenance only after evidence is recorded (190 days old).,,,
hart-centre,H'art Centre,Community,L1,2026-01-03,90,190,stale,hidden_pending_reverification,3 - stale,Reverify before restoring current-date search visibility; update service facts and provenance only after evidence is recorded (190 days old).,,,
iska-newcomer-support,Trellis HIV & Community Care,Community,L1,2026-01-03,90,190,stale,hidden_pending_reverification,3 - stale,Reverify before restoring current-date search visibility; update service facts and provenance only after evidence is recorded (190 days old).,,,
kfpl-calvin-park,KFPL - Calvin Park Branch,Community,L2,2026-01-03,90,190,stale,hidden_pending_reverification,3 - stale,Reverify before restoring current-date search visibility; update service facts and provenance only after evidence is recorded (190 days old).,,,
kfpl-central-branch,Kingston Frontenac Public Library - Central Branch,Community,L1,2026-01-03,90,190,stale,hidden_pending_reverification,3 - stale,Reverify before restoring current-date search visibility; update service facts and provenance only after evidence is recorded (190 days old).,,,
kfpl-isabel-turner,KFPL - Isabel Turner Branch,Community,L2,2026-01-03,90,190,stale,hidden_pending_reverification,3 - stale,Reverify before restoring current-date search visibility; update service facts and provenance only after evidence is recorded (190 days old).,,,
kfpl-pittsburgh,KFPL - Pittsburgh Branch,Community,L2,2026-01-03,90,190,stale,hidden_pending_reverification,3 - stale,Reverify before restoring current-date search visibility; update service facts and provenance only after evidence is recorded (190 days old).,,,
kiln-language-nest,Kingston Native Centre and Language Nest (KNCLN),Community,L1,2026-01-03,90,190,stale,hidden_pending_reverification,3 - stale,Reverify before restoring current-date search visibility; update service facts and provenance only after evidence is recorded (190 days old).,,,
kingston-access-bus,Kingston Access Services (Access Bus),Community,L1,2026-01-03,90,190,stale,hidden_pending_reverification,3 - stale,Reverify before restoring current-date search visibility; update service facts and provenance only after evidence is recorded (190 days old).,,,
kingston-military-family-resource,Kingston Military Family Resource Centre (KMFRC),Community,L2,2026-01-03,90,190,stale,hidden_pending_reverification,3 - stale,Reverify before restoring current-date search visibility; update service facts and provenance only after evidence is recorded (190 days old).,,,
kmfrc,Kingston Military Family Resource Centre (KMFRC),Community,L1,2026-01-03,90,190,stale,hidden_pending_reverification,3 - stale,Reverify before restoring current-date search visibility; update service facts and provenance only after evidence is recorded (190 days old).,,,
metis-nation-ontario-kingston,Métis Nation of Ontario (Kingston Office),Community,L1,2026-01-03,90,190,stale,hidden_pending_reverification,3 - stale,Reverify before restoring current-date search visibility; update service facts and provenance only after evidence is recorded (190 days old).,,,
one-roof-youth-hub,One Roof Kingston Youth Hub,Community,L1,2026-01-03,90,190,stale,hidden_pending_reverification,3 - stale,Reverify before restoring current-date search visibility; update service facts and provenance only after evidence is recorded (190 days old).,,,
ongwanada,Ongwanada,Community,L1,2026-01-03,90,190,stale,hidden_pending_reverification,3 - stale,Reverify before restoring current-date search visibility; update service facts and provenance only after evidence is recorded (190 days old).,,,
rideau-heights-community-centre,Rideau Heights Community Centre,Community,L2,2026-01-03,90,190,stale,hidden_pending_reverification,3 - stale,Reverify before restoring current-date search visibility; update service facts and provenance only after evidence is recorded (190 days old).,,,
rural-frontenac-community-services,Rural Frontenac Community Services,Community,L2,2026-01-03,90,190,stale,hidden_pending_reverification,3 - stale,Reverify before restoring current-date search visibility; update service facts and provenance only after evidence is recorded (190 days old).,,,
seniors-association-kingston,Seniors Association Kingston Region,Community,L1,2026-01-03,90,190,stale,hidden_pending_reverification,3 - stale,Reverify before restoring current-date search visibility; update service facts and provenance only after evidence is recorded (190 days old).,,,
south-frontenac-community-services,Southern Frontenac Community Services,Community,L2,2026-01-03,90,190,stale,hidden_pending_reverification,3 - stale,Reverify before restoring current-date search visibility; update service facts and provenance only after evidence is recorded (190 days old).,,,
tnet-kingston,TransFamily Kingston,Community,L2,2026-01-03,90,190,stale,hidden_pending_reverification,3 - stale,Reverify before restoring current-date search visibility; update service facts and provenance only after evidence is recorded (190 days old).,,,
united-way-kfla-office,United Way KFL&A,Community,L2,2026-01-03,90,190,stale,hidden_pending_reverification,3 - stale,Reverify before restoring current-date search visibility; update service facts and provenance only after evidence is recorded (190 days old).,,,
kfpl-learning-programs,KFPL Learning Programs,Education,L1,2026-01-03,90,190,stale,hidden_pending_reverification,3 - stale,Reverify before restoring current-date search visibility; update service facts and provenance only after evidence is recorded (190 days old).,,,
kingston-literacy-skills,Kingston Literacy & Skills,Education,L1,2026-01-03,90,190,stale,hidden_pending_reverification,3 - stale,Reverify before restoring current-date search visibility; update service facts and provenance only after evidence is recorded (190 days old).,,,
kingston-literacy-skills-2,Kingston Literacy & Skills,Education,L2,2026-01-03,90,190,stale,hidden_pending_reverification,3 - stale,Reverify before restoring current-date search visibility; update service facts and provenance only after evidence is recorded (190 days old).,,,
slc-academic-upgrading,St. Lawrence College Academic Upgrading,Education,L1,2026-01-03,90,190,stale,hidden_pending_reverification,3 - stale,Reverify before restoring current-date search visibility; update service facts and provenance only after evidence is recorded (190 days old).,,,
acfomi-kingston,ACFOMI (Association canadienne-française de l'Ontario),Employment,L1,2026-01-03,90,190,stale,hidden_pending_reverification,3 - stale,Reverify before restoring current-date search visibility; update service facts and provenance only after evidence is recorded (190 days old).,,,
acls-kingston,ACFOMI,Employment,L2,2026-01-03,90,190,stale,hidden_pending_reverification,3 - stale,Reverify before restoring current-date search visibility; update service facts and provenance only after evidence is recorded (190 days old).,,,
jobwell-kingston,Jobwell,Employment,L2,2026-01-03,90,190,stale,hidden_pending_reverification,3 - stale,Reverify before restoring current-date search visibility; update service facts and provenance only after evidence is recorded (190 days old).,,,
keys-job-centre,KEYS Job Centre,Employment,L1,2026-01-03,90,190,stale,hidden_pending_reverification,3 - stale,Reverify before restoring current-date search visibility; update service facts and provenance only after evidence is recorded (190 days old).,,,
keys-job-centre-2,KEYS Job Centre,Employment,L2,2026-01-03,90,190,stale,hidden_pending_reverification,3 - stale,Reverify before restoring current-date search visibility; update service facts and provenance only after evidence is recorded (190 days old).,,,
re-start-employment,ReStart Employment Services,Employment,L2,2026-01-03,90,190,stale,hidden_pending_reverification,3 - stale,Reverify before restoring current-date search visibility; update service facts and provenance only after evidence is recorded (190 days old).,,,
restart-kingston,ReStart Employment Services,Employment,L1,2026-01-03,90,190,stale,hidden_pending_reverification,3 - stale,Reverify before restoring current-date search visibility; update service facts and provenance only after evidence is recorded (190 days old).,,,
slc-employment-service,St. Lawrence College Employment Service,Employment,L2,2026-01-03,90,190,stale,hidden_pending_reverification,3 - stale,Reverify before restoring current-date search visibility; update service facts and provenance only after evidence is recorded (190 days old).,,,
ontario-works-kb,City of Kingston - Housing and Social Services (Ontario Works),Financial,L2,2026-01-03,90,190,stale,hidden_pending_reverification,3 - stale,Reverify before restoring current-date search visibility; update service facts and provenance only after evidence is recorded (190 days old).,,,
ontario-works-kingston,City of Kingston - Housing and Social Services (Ontario Works),Financial,L1,2026-01-03,90,190,stale,hidden_pending_reverification,3 - stale,Reverify before restoring current-date search visibility; update service facts and provenance only after evidence is recorded (190 days old).,,,
good-food-box-kingston,The Good Food Box Kingston,Food,L2,2026-01-03,90,190,stale,hidden_pending_reverification,3 - stale,Reverify before restoring current-date search visibility; update service facts and provenance only after evidence is recorded (190 days old).,,,
lionhearts-fresh-food-market,Lionhearts Fresh Food Market,Food,L1,2026-01-03,90,190,stale,hidden_pending_reverification,3 - stale,Reverify before restoring current-date search visibility; update service facts and provenance only after evidence is recorded (190 days old).,,,
loving-spoonful,Loving Spoonful,Food,L1,2026-01-03,90,190,stale,hidden_pending_reverification,3 - stale,Reverify before restoring current-date search visibility; update service facts and provenance only after evidence is recorded (190 days old).,,,
lunch-by-george,Lunch by George (Outreach St. George's Kingston),Food,L1,2026-01-03,90,190,stale,hidden_pending_reverification,3 - stale,Reverify before restoring current-date search visibility; update service facts and provenance only after evidence is recorded (190 days old).,,,
marthas-table,Martha's Table,Food,L1,2026-01-03,90,190,stale,hidden_pending_reverification,3 - stale,Reverify before restoring current-date search visibility; update service facts and provenance only after evidence is recorded (190 days old).,,,
marthas-table-kingston,Martha's Table,Food,L1,2026-01-03,90,190,stale,hidden_pending_reverification,3 - stale,Reverify before restoring current-date search visibility; update service facts and provenance only after evidence is recorded (190 days old).,,,
memorial-centre-market,Memorial Centre Farmers Market,Food,L2,2026-01-03,90,190,stale,hidden_pending_reverification,3 - stale,Reverify before restoring current-date search visibility; update service facts and provenance only after evidence is recorded (190 days old).,,,
partners-in-mission-food-bank,Partners in Mission Food Bank,Food,L2,2026-01-03,90,190,stale,hidden_pending_reverification,3 - stale,Reverify before restoring current-date search visibility; update service facts and provenance only after evidence is recorded (190 days old).,,,
salvation-army-cfs,Salvation Army Community & Family Services,Food,L1,2026-01-03,90,190,stale,hidden_pending_reverification,3 - stale,Reverify before restoring current-date search visibility; update service facts and provenance only after evidence is recorded (190 days old).,,,
salvation-army-rideau-heights,Salvation Army Rideau Heights Corps,Food,L1,2026-01-03,90,190,stale,hidden_pending_reverification,3 - stale,Reverify before restoring current-date search visibility; update service facts and provenance only after evidence is recorded (190 days old).,,,
st-lawrence-food-pantry,SLC Food Pantry,Food,L2,2026-01-03,90,190,stale,hidden_pending_reverification,3 - stale,Reverify before restoring current-date search visibility; update service facts and provenance only after evidence is recorded (190 days old).,,,
st-marys-cathedral-drop-in,St. Mary's Cathedral Drop-In Centre,Food,L1,2026-01-03,90,190,stale,hidden_pending_reverification,3 - stale,Reverify before restoring current-date search visibility; update service facts and provenance only after evidence is recorded (190 days old).,,,
st-vincent-de-paul-kingston,St. Vincent de Paul Society of Kingston,Food,L1,2026-01-03,90,190,stale,hidden_pending_reverification,3 - stale,Reverify before restoring current-date search visibility; update service facts and provenance only after evidence is recorded (190 days old).,,,
student-food-bank-queens,AMS Food Bank (Queen's),Food,L2,2026-01-03,90,190,stale,hidden_pending_reverification,3 - stale,Reverify before restoring current-date search visibility; update service facts and provenance only after evidence is recorded (190 days old).,,,
cdk-family-medicine-walk-in,CDK Family Medicine and Walk-In Clinic,Health,L2,2026-01-03,90,190,stale,hidden_pending_reverification,3 - stale,Reverify before restoring current-date search visibility; update service facts and provenance only after evidence is recorded (190 days old).,,,
crisis-eating-disorders,National Eating Disorder Information Centre (NEDIC),Health,L1,2026-01-03,90,190,stale,hidden_pending_reverification,3 - stale,Reverify before restoring current-date search visibility; update service facts and provenance only after evidence is recorded (190 days old).,,,
crisis-telehealth-ontario,Health811 (formerly Telehealth Ontario),Health,L1,2026-01-03,90,190,stale,hidden_pending_reverification,3 - stale,Reverify before restoring current-date search visibility; update service facts and provenance only after evidence is recorded (190 days old).,,,
hospice-kingston,Hospice Kingston (Providence Care),Health,L2,2026-01-03,90,190,stale,hidden_pending_reverification,3 - stale,Reverify before restoring current-date search visibility; update service facts and provenance only after evidence is recorded (190 days old).,,,
hotel-dieu-site,Hotel Dieu Hospital Urgent Care Centre (KHSC),Health,L2,2026-01-03,90,190,stale,hidden_pending_reverification,3 - stale,Reverify before restoring current-date search visibility; update service facts and provenance only after evidence is recorded (190 days old).,,,
hotel-dieu-urgent-care,Hotel Dieu Hospital Urgent Care Centre (KHSC),Health,L1,2026-01-03,90,190,stale,hidden_pending_reverification,3 - stale,Reverify before restoring current-date search visibility; update service facts and provenance only after evidence is recorded (190 days old).,,,
integrated-care-hub,Integrated Care Hub (ICH),Health,L1,2026-01-03,90,190,stale,hidden_pending_reverification,3 - stale,Reverify before restoring current-date search visibility; update service facts and provenance only after evidence is recorded (190 days old).,,,
kchc-iipct,Indigenous Interprofessional Primary Care Team (IIPCT),Health,L1,2026-01-03,90,190,stale,hidden_pending_reverification,3 - stale,Reverify before restoring current-date search visibility; update service facts and provenance only after evidence is recorded (190 days old).,,,
kchc-transgender-health-care,Transgender Health Program (KCHC),Health,L1,2026-01-03,90,190,stale,hidden_pending_reverification,3 - stale,Reverify before restoring current-date search visibility; update service facts and provenance only after evidence is recorded (190 days old).,,,
kchc-weller-clinic,Kingston Community Health Centres (KCHC) - Weller Clinic,Health,L2,2026-01-03,90,190,stale,hidden_pending_reverification,3 - stale,Reverify before restoring current-date search visibility; update service facts and provenance only after evidence is recorded (190 days old).,,,
kfl-public-health-sexual,KFL&A Public Health: Sexual Health Clinic,Health,L2,2026-01-03,90,190,stale,hidden_pending_reverification,3 - stale,Reverify before restoring current-date search visibility; update service facts and provenance only after evidence is recorded (190 days old).,,,
kfl-public-health-vaccine,KFL&A Public Health - Immunization,Health,L2,2026-01-03,90,190,stale,hidden_pending_reverification,3 - stale,Reverify before restoring current-date search visibility; update service facts and provenance only after evidence is recorded (190 days old).,,,
kfla-public-health-dental,KFL&A Public Health Dental Services,Health,L1,2026-01-03,90,190,stale,hidden_pending_reverification,3 - stale,Reverify before restoring current-date search visibility; update service facts and provenance only after evidence is recorded (190 days old).,,,
kfla-sexual-health-clinic,KFL&A Public Health: Sexual Health Clinic,Health,L1,2026-01-03,90,190,stale,hidden_pending_reverification,3 - stale,Reverify before restoring current-date search visibility; update service facts and provenance only after evidence is recorded (190 days old).,,,
kgh-emergency-department,Kingston General Hospital (KGH) Emergency Department,Health,L1,2026-01-03,90,190,stale,hidden_pending_reverification,3 - stale,Reverify before restoring current-date search visibility; update service facts and provenance only after evidence is recorded (190 days old).,,,
kingston-general-hospital,Kingston General Hospital (KGH) Emergency Department,Health,L2,2026-01-03,90,190,stale,hidden_pending_reverification,3 - stale,Reverify before restoring current-date search visibility; update service facts and provenance only after evidence is recorded (190 days old).,,,
maltby-centre-autism,Maltby Centre,Health,L2,2026-01-03,90,190,stale,hidden_pending_reverification,3 - stale,Reverify before restoring current-date search visibility; update service facts and provenance only after evidence is recorded (190 days old).,,,
march-of-dimes-kingston,March of Dimes Canada - Employment Services,Health,L2,2026-01-03,90,190,stale,hidden_pending_reverification,3 - stale,Reverify before restoring current-date search visibility; update service facts and provenance only after evidence is recorded (190 days old).,,,
pathways-for-children-youth,Pathways for Children and Youth (Merged),Health,L2,2026-01-03,90,190,stale,hidden_pending_reverification,3 - stale,Reverify before restoring current-date search visibility; update service facts and provenance only after evidence is recorded (190 days old).,,,
providence-care-hospital,Providence Care Hospital,Health,L2,2026-01-03,90,190,stale,hidden_pending_reverification,3 - stale,Reverify before restoring current-date search visibility; update service facts and provenance only after evidence is recorded (190 days old).,,,
street-health-centre,Street Health Centre (KCHC),Health,L1,2026-01-03,90,190,stale,hidden_pending_reverification,3 - stale,Reverify before restoring current-date search visibility; update service facts and provenance only after evidence is recorded (190 days old).,,,
stroke-network-sneo,Stroke Network of Southeastern Ontario,Health,L2,2026-01-03,90,190,stale,hidden_pending_reverification,3 - stale,Reverify before restoring current-date search visibility; update service facts and provenance only after evidence is recorded (190 days old).,,,
trellis-hiv-community-care,Trellis HIV & Community Care,Health,L1,2026-01-03,90,190,stale,hidden_pending_reverification,3 - stale,Reverify before restoring current-date search visibility; update service facts and provenance only after evidence is recorded (190 days old).,,,
dawn-house-womens-shelter,Dawn House,Housing,L1,2026-01-03,90,190,stale,hidden_pending_reverification,3 - stale,Reverify before restoring current-date search visibility; update service facts and provenance only after evidence is recorded (190 days old).,,,
elizabeth-fry-society-kingston,Elizabeth Fry Society of Kingston,Housing,L1,2026-01-03,90,190,stale,hidden_pending_reverification,3 - stale,Reverify before restoring current-date search visibility; update service facts and provenance only after evidence is recorded (190 days old).,,,
habitat-restore-kingston,Habitat for Humanity Kingston ReStore,Housing,L1,2026-01-03,90,190,stale,hidden_pending_reverification,3 - stale,Reverify before restoring current-date search visibility; update service facts and provenance only after evidence is recorded (190 days old).,,,
in-from-the-cold,In From the Cold Emergency Shelter,Housing,L2,2026-01-03,90,190,stale,hidden_pending_reverification,3 - stale,Reverify before restoring current-date search visibility; update service facts and provenance only after evidence is recorded (190 days old).,,,
kingston-home-base-housing,Kingston Home Base Non-Profit Housing,Housing,L2,2026-01-03,90,190,stale,hidden_pending_reverification,3 - stale,Reverify before restoring current-date search visibility; update service facts and provenance only after evidence is recorded (190 days old).,,,
kingston-youth-shelter,Kingston Youth Shelter,Housing,L2,2026-01-03,90,190,stale,hidden_pending_reverification,3 - stale,Reverify before restoring current-date search visibility; update service facts and provenance only after evidence is recorded (190 days old).,,,
ryandale-shelter,Ryandale Transitional Housing,Housing,L2,2026-01-03,90,190,stale,hidden_pending_reverification,3 - stale,Reverify before restoring current-date search visibility; update service facts and provenance only after evidence is recorded (190 days old).,,,
salvation-army-housing-help,Salvation Army Housing Resource Centre,Housing,L1,2026-01-03,90,190,stale,hidden_pending_reverification,3 - stale,Reverify before restoring current-date search visibility; update service facts and provenance only after evidence is recorded (190 days old).,,,
four-directions-indigenous-centre,Four Directions Indigenous Student Centre,Indigenous,L1,2026-01-03,90,190,stale,hidden_pending_reverification,3 - stale,Reverify before restoring current-date search visibility; update service facts and provenance only after evidence is recorded (190 days old).,,,
kfla-indigenous-health-team,KFL&A Indigenous Primary Health Care Team,Indigenous,L1,2026-01-03,90,190,stale,hidden_pending_reverification,3 - stale,Reverify before restoring current-date search visibility; update service facts and provenance only after evidence is recorded (190 days old).,,,
kingston-indigenous-friendship-centre,Kingston Native Centre and Language Nest (KNCLN),Indigenous,L1,2026-01-03,90,190,stale,hidden_pending_reverification,3 - stale,Reverify before restoring current-date search visibility; update service facts and provenance only after evidence is recorded (190 days old).,,,
arch-disability-law,ARCH Disability Law Centre,Legal,L2,2026-01-03,90,190,stale,hidden_pending_reverification,3 - stale,Reverify before restoring current-date search visibility; update service facts and provenance only after evidence is recorded (190 days old).,,,
cleo-community-legal-education,CLEO (Community Legal Education Ontario),Legal,L2,2026-01-03,90,190,stale,hidden_pending_reverification,3 - stale,Reverify before restoring current-date search visibility; update service facts and provenance only after evidence is recorded (190 days old).,,,
community-legal-clinic-kingston,Kingston Community Legal Clinic,Legal,L1,2026-01-03,90,190,stale,hidden_pending_reverification,3 - stale,Reverify before restoring current-date search visibility; update service facts and provenance only after evidence is recorded (190 days old).,,,
justice-for-children-youth,Justice for Children and Youth (JFCY),Legal,L2,2026-01-03,90,190,stale,hidden_pending_reverification,3 - stale,Reverify before restoring current-date search visibility; update service facts and provenance only after evidence is recorded (190 days old).,,,
legal-aid-ontario-kingston,Kingston Community Legal Clinic,Legal,L2,2026-01-03,90,190,stale,hidden_pending_reverification,3 - stale,Reverify before restoring current-date search visibility; update service facts and provenance only after evidence is recorded (190 days old).,,,
legal-clinic-queens,Queen's Legal Aid,Legal,L2,2026-01-03,90,190,stale,hidden_pending_reverification,3 - stale,Reverify before restoring current-date search visibility; update service facts and provenance only after evidence is recorded (190 days old).,,,
pro-bono-ontario,Pro Bono Ontario,Legal,L2,2026-01-03,90,190,stale,hidden_pending_reverification,3 - stale,Reverify before restoring current-date search visibility; update service facts and provenance only after evidence is recorded (190 days old).,,,
queens-legal-aid,Queen's Legal Aid,Legal,L2,2026-01-03,90,190,stale,hidden_pending_reverification,3 - stale,Reverify before restoring current-date search visibility; update service facts and provenance only after evidence is recorded (190 days old).,,,
kingston-transit-mfap,Kingston Transit Affordable Pass (MFAP),Transport,L1,2026-01-03,90,190,stale,hidden_pending_reverification,3 - stale,Reverify before restoring current-date search visibility; update service facts and provenance only after evidence is recorded (190 days old).,,,
von-transportation-kingston,VON Transportation Services,Transport,L1,2026-01-03,90,190,stale,hidden_pending_reverification,3 - stale,Reverify before restoring current-date search visibility; update service facts and provenance only after evidence is recorded (190 days old).,,,
artillery-park-aquatic-centre,Artillery Park Aquatic Centre,Wellness,L2,2026-01-03,90,190,stale,hidden_pending_reverification,3 - stale,Reverify before restoring current-date search visibility; update service facts and provenance only after evidence is recorded (190 days old).,,,
invista-centre,INVISTA Centre,Wellness,L2,2026-01-03,90,190,stale,hidden_pending_reverification,3 - stale,Reverify before restoring current-date search visibility; update service facts and provenance only after evidence is recorded (190 days old).,,,
maltby-centre-mental-health,Maltby Centre,Wellness,L2,2026-01-03,90,190,stale,hidden_pending_reverification,3 - stale,Reverify before restoring current-date search visibility; update service facts and provenance only after evidence is recorded (190 days old).,,,
resolve-counselling,Resolve Counselling Services Canada,Wellness,L2,2026-01-03,90,190,stale,hidden_pending_reverification,3 - stale,Reverify before restoring current-date search visibility; update service facts and provenance only after evidence is recorded (190 days old).,,,
ymca-eastern-ontario,YMCA of Eastern Ontario - Kingston,Wellness,L1,2026-01-03,90,190,stale,hidden_pending_reverification,3 - stale,Reverify before restoring current-date search visibility; update service facts and provenance only after evidence is recorded (190 days old).,,,
ymca-kingston,YMCA of Eastern Ontario - Kingston,Wellness,L2,2026-01-03,90,190,stale,hidden_pending_reverification,3 - stale,Reverify before restoring current-date search visibility; update service facts and provenance only after evidence is recorded (190 days old).,,,
arthritis-society-canada,Arthritis Society Canada,Health,L1,2026-01-08,90,185,stale,hidden_pending_reverification,3 - stale,Reverify before restoring current-date search visibility; update service facts and provenance only after evidence is recorded (185 days old).,,,
bounceback-ontario,BounceBack Ontario,Health,L1,2026-01-08,90,185,stale,hidden_pending_reverification,3 - stale,Reverify before restoring current-date search visibility; update service facts and provenance only after evidence is recorded (185 days old).,,,
cancer-information-helpline,Cancer Information Helpline,Health,L1,2026-01-08,90,185,stale,hidden_pending_reverification,3 - stale,Reverify before restoring current-date search visibility; update service facts and provenance only after evidence is recorded (185 days old).,,,
diabetes-canada-information-support,Diabetes Canada Information & Support,Health,L1,2026-01-08,90,185,stale,hidden_pending_reverification,3 - stale,Reverify before restoring current-date search visibility; update service facts and provenance only after evidence is recorded (185 days old).,,,
heart-and-stroke-foundation,Heart and Stroke Foundation,Health,L1,2026-01-08,90,185,stale,hidden_pending_reverification,3 - stale,Reverify before restoring current-date search visibility; update service facts and provenance only after evidence is recorded (185 days old).,,,
hospice-palliative-care-ontario-hpco-,Hospice Palliative Care Ontario (HPCO),Health,L1,2026-01-08,90,185,stale,hidden_pending_reverification,3 - stale,Reverify before restoring current-date search visibility; update service facts and provenance only after evidence is recorded (185 days old).,,,
jordan-s-principle-call-centre,Jordan's Principle Call Centre,Health,L1,2026-01-08,90,185,stale,hidden_pending_reverification,3 - stale,Reverify before restoring current-date search visibility; update service facts and provenance only after evidence is recorded (185 days old).,,,
lung-health-line,Lung Health Line,Health,L1,2026-01-08,90,185,stale,hidden_pending_reverification,3 - stale,Reverify before restoring current-date search visibility; update service facts and provenance only after evidence is recorded (185 days old).,,,
ms-knowledge-network-ms-canada-,MS Knowledge Network (MS Canada),Health,L1,2026-01-08,90,185,stale,hidden_pending_reverification,3 - stale,Reverify before restoring current-date search visibility; update service facts and provenance only after evidence is recorded (185 days old).,,,
ontario-caregiver-helpline,Ontario Caregiver Helpline,Health,L1,2026-01-08,90,185,stale,hidden_pending_reverification,3 - stale,Reverify before restoring current-date search visibility; update service facts and provenance only after evidence is recorded (185 days old).,,,
parkinson-canada,Parkinson Canada,Health,L1,2026-01-08,90,185,stale,hidden_pending_reverification,3 - stale,Reverify before restoring current-date search visibility; update service facts and provenance only after evidence is recorded (185 days old).,,,
sexual-health-infoline-ontario-shilo-,Sexual Health Infoline Ontario (SHILO),Health,L1,2026-01-08,90,185,stale,hidden_pending_reverification,3 - stale,Reverify before restoring current-date search visibility; update service facts and provenance only after evidence is recorded (185 days old).,,,
talk-tobacco,Talk Tobacco,Health,L1,2026-01-08,90,185,stale,hidden_pending_reverification,3 - stale,Reverify before restoring current-date search visibility; update service facts and provenance only after evidence is recorded (185 days old).,,,
aboriginal-legal-services-als-,Aboriginal Legal Services (ALS),Legal,L1,2026-01-08,90,185,stale,hidden_pending_reverification,3 - stale,Reverify before restoring current-date search visibility; update service facts and provenance only after evidence is recorded (185 days old).,,,
advocacy-centre-for-the-elderly-ace-,Advocacy Centre for the Elderly (ACE),Legal,L1,2026-01-08,90,185,stale,hidden_pending_reverification,3 - stale,Reverify before restoring current-date search visibility; update service facts and provenance only after evidence is recorded (185 days old).,,,
consumer-protection-ontario,Consumer Protection Ontario,Legal,L1,2026-01-08,90,185,stale,hidden_pending_reverification,3 - stale,Reverify before restoring current-date search visibility; update service facts and provenance only after evidence is recorded (185 days old).,,,
employment-standards-information-centre,Employment Standards Information Centre,Legal,L1,2026-01-08,90,185,stale,hidden_pending_reverification,3 - stale,Reverify before restoring current-date search visibility; update service facts and provenance only after evidence is recorded (185 days old).,,,
hiv-aids-legal-clinic-ontario-halco-,HIV & AIDS Legal Clinic Ontario (HALCO),Legal,L1,2026-01-08,90,185,stale,hidden_pending_reverification,3 - stale,Reverify before restoring current-date search visibility; update service facts and provenance only after evidence is recorded (185 days old).,,,
human-rights-legal-support-centre-hrlsc-,Human Rights Legal Support Centre (HRLSC),Legal,L1,2026-01-08,90,185,stale,hidden_pending_reverification,3 - stale,Reverify before restoring current-date search visibility; update service facts and provenance only after evidence is recorded (185 days old).,,,
injured-workers-community-legal-clinic-iwc-,Injured Workers Community Legal Clinic (IWC),Legal,L1,2026-01-08,90,185,stale,hidden_pending_reverification,3 - stale,Reverify before restoring current-date search visibility; update service facts and provenance only after evidence is recorded (185 days old).,,,
justice-for-children-and-youth-jfcy-,Justice for Children and Youth (JFCY),Legal,L1,2026-01-08,90,185,stale,hidden_pending_reverification,3 - stale,Reverify before restoring current-date search visibility; update service facts and provenance only after evidence is recorded (185 days old).,,,
landlord-and-tenant-board-contact-centre,Landlord and Tenant Board Contact Centre,Legal,L1,2026-01-08,90,185,stale,hidden_pending_reverification,3 - stale,Reverify before restoring current-date search visibility; update service facts and provenance only after evidence is recorded (185 days old).,,,
landlord-s-self-help-centre,Landlord's Self-Help Centre,Legal,L1,2026-01-08,90,185,stale,hidden_pending_reverification,3 - stale,Reverify before restoring current-date search visibility; update service facts and provenance only after evidence is recorded (185 days old).,,,
law-society-referral-service,Law Society Referral Service,Legal,L1,2026-01-08,90,185,stale,hidden_pending_reverification,3 - stale,Reverify before restoring current-date search visibility; update service facts and provenance only after evidence is recorded (185 days old).,,,
legal-aid-ontario,Legal Aid Ontario,Legal,L1,2026-01-08,90,185,stale,hidden_pending_reverification,3 - stale,Reverify before restoring current-date search visibility; update service facts and provenance only after evidence is recorded (185 days old).,,,
nishnawbe-aski-legal-services-nalsc-,Nishnawbe-Aski Legal Services (NALSC),Legal,L1,2026-01-08,90,185,stale,hidden_pending_reverification,3 - stale,Reverify before restoring current-date search visibility; update service facts and provenance only after evidence is recorded (185 days old).,,,
office-of-the-worker-adviser-owa-,Office of the Worker Adviser (OWA),Legal,L1,2026-01-08,90,185,stale,hidden_pending_reverification,3 - stale,Reverify before restoring current-date search visibility; update service facts and provenance only after evidence is recorded (185 days old).,,,
ontario-legal-information-centre,Ontario Legal Information Centre,Legal,L1,2026-01-08,90,185,stale,hidden_pending_reverification,3 - stale,Reverify before restoring current-date search visibility; update service facts and provenance only after evidence is recorded (185 days old).,,,
steps-to-justice,Steps to Justice,Legal,L1,2026-01-08,90,185,stale,hidden_pending_reverification,3 - stale,Reverify before restoring current-date search visibility; update service facts and provenance only after evidence is recorded (185 days old).,,,
workers-health-safety-legal-clinic,Workers Health & Safety Legal Clinic,Legal,L1,2026-01-08,90,185,stale,hidden_pending_reverification,3 - stale,Reverify before restoring current-date search visibility; update service facts and provenance only after evidence is recorded (185 days old).,,,
wsib-workplace-safety-insurance-board-,WSIB (Workplace Safety & Insurance Board),Legal,L1,2026-01-08,90,185,stale,hidden_pending_reverification,3 - stale,Reverify before restoring current-date search visibility; update service facts and provenance only after evidence is recorded (185 days old).,,,
community-harvest-market,Community Harvest Market (Rideau Heights),Food,L2,2026-01-23,90,171,due,visible_due_for_reverification,5 - due,Reverify soon; still inside the 180-day visibility window as of 2026-07-13 (171 days since verification).,,,
brampton-safe-centre-of-peel,Safe Centre of Peel,Crisis,L2,2026-07-08,30,4,fresh,visible_current,6 - fresh,No immediate action (4 days since verification).,,,
brampton-victim-services-of-peel,Victim Services of Peel,Crisis,L2,2026-07-08,30,4,fresh,visible_current,6 - fresh,No immediate action (4 days since verification).,,,
brampton-peel-ontario-works-emergency-assistance,Region of Peel Ontario Works and Emergency Assistance,Financial,L2,2026-07-08,90,4,fresh,visible_current,6 - fresh,No immediate action (4 days since verification).,,,
brampton-knights-table-food-bank-meals,Knights Table Food Bank and Meal Programs,Food,L1,2026-07-08,90,4,fresh,visible_current,6 - fresh,No immediate action (4 days since verification).,,,
brampton-regeneration-marketplace-food-bank,Regeneration Marketplace Food Bank,Food,L2,2026-07-08,90,4,fresh,visible_current,6 - fresh,No immediate action (4 days since verification).,,,
brampton-ste-louise-food-bank,Ste. Louise Outreach Centre of Peel Food Bank,Food,L1,2026-07-08,90,4,fresh,visible_current,6 - fresh,No immediate action (4 days since verification).,,,
brampton-peel-centralized-shelter-intake,Peel Centralized Shelter Intake and Homeless Supports,Housing,L2,2026-07-08,90,4,fresh,visible_current,6 - fresh,No immediate action (4 days since verification).,,,
brampton-wilkinson-road-shelter,Wilkinson Road Shelter,Housing,L2,2026-07-08,90,4,fresh,visible_current,6 - fresh,No immediate action (4 days since verification).,,,
